vacancies,Зарплата,Опыт работы,Название компании,Город
Программист С++ (Middle),от 280000 ₽ до  вычета налогов,Опыт 1-3 года,ОООИНИТИ,Москва
Разработчик С#,176400 – 235200 ₽ на руки,Опыт 3-6 лет,ОООЦентр внедрения документооборота,Москва
Программист 1С,300000 – 1500000 ₸ на руки,Опыт 1-3 года,ТООASTER AUTO,Алматы
Программист 1С,от 380000 ₽ до  вычета налогов,Опыт 1-3 года,ОООАванкор,Москва
Преподаватель IT (подработка), до 90000 ₽ до  вычета налогов,Без опыта,АНО ДО Московская школа программистов,Санкт-Петербург
Программист 1С,от 130000 ₽ до  вычета налогов,Опыт 1-3 года,ОООАйти-Гуру,Екатеринбург
Программист С++/Qt (junior),от 70000 ₽ на руки,Без опыта,ОООАргун-Софт,Санкт-Петербург
Программист-стажер 1C,от 50000 ₽ на руки,Без опыта,IT-компания Рациональные Решения,Нижний Новгород
Программист,от 250000 ₽ на руки,Без опыта,ОООЧОП Центавр,Москва
Младший программист 1С,77000 – 77000 ₽ до  вычета налогов,Без опыта,ОООМОУШН ПРОДАКТС,Санкт-Петербург
Junior Software Developer (C/C++/C#),от 130000 ₽ на руки,Без опыта,ОООВСВН Лаб,Санкт-Петербург
Программист-разработчик (Junior),от 30000 ₽ на руки,Без опыта,Группа компаний «БПО»,Москва
Младший разработчик,Не указана,Опыт 1-3 года,Doczilla,Москва
Стажер-программист SQL/Delphi,Не указана,Без опыта,СПИК СЗМА,Санкт-Петербург
Программист,от 240000 ₽ на руки,Опыт 3-6 лет,ZEKKERT,Санкт-Петербург
Программист,от 65000 ₽ на руки,Без опыта,ОООПродмастер,Санкт-Петербург
Программист С# Junior,100000 – 120000 ₽ на руки,Без опыта,Гармония Здоровья,Красноярск
Фронтед-разработчик (программист),от 55000 ₽ на руки,Без опыта,ОООИнсит,Копейск
JavaScript разработчик (стажер),Не указана,Без опыта,Aston,Москва
"Начинающий программист Delphi, MS SQL",85000 – 130000 ₽ на руки,Без опыта,ОООКарвиль,Санкт-Петербург
Программист С++ (Middle),от 280000 ₽ до  вычета налогов,Опыт 1-3 года,ОООИНИТИ,Москва
Разработчик С#,176400 – 235200 ₽ на руки,Опыт 3-6 лет,ОООЦентр внедрения документооборота,Москва
Программист 1С,300000 – 1500000 ₸ на руки,Опыт 1-3 года,ТООASTER AUTO,Алматы
Программист 1С,от 380000 ₽ до  вычета налогов,Опыт 1-3 года,ОООАванкор,Москва
Преподаватель IT (подработка), до 90000 ₽ до  вычета налогов,Без опыта,АНО ДО Московская школа программистов,Санкт-Петербург
Ведущий программист 1С,от 339000 ₽ до  вычета налогов,Опыт 3-6 лет,Теремок,Москва
Программист 1С,от 80000сом на руки,Опыт 3-6 лет,ОсОО РУСТЭЛЬ,Бишкек
Программист С++/Qt (junior),от 70000 ₽ на руки,Без опыта,ОООАргун-Софт,Санкт-Петербург
Программист-стажер 1C,от 50000 ₽ на руки,Без опыта,IT-компания Рациональные Решения,Нижний Новгород
Программист,от 250000 ₽ на руки,Без опыта,ОООЧОП Центавр,Москва
Младший программист 1С,77000 – 77000 ₽ до  вычета налогов,Без опыта,ОООМОУШН ПРОДАКТС,Санкт-Петербург
Junior Software Developer (C/C++/C#),от 130000 ₽ на руки,Без опыта,ОООВСВН Лаб,Санкт-Петербург
Программист-разработчик (Junior),от 30000 ₽ на руки,Без опыта,Группа компаний «БПО»,Москва
Младший разработчик,Не указана,Опыт 1-3 года,Doczilla,Москва
Стажер-программист SQL/Delphi,Не указана,Без опыта,СПИК СЗМА,Санкт-Петербург
Программист,от 240000 ₽ на руки,Опыт 3-6 лет,ZEKKERT,Санкт-Петербург
Программист,от 65000 ₽ на руки,Без опыта,ОООПродмастер,Санкт-Петербург
Программист С# Junior,100000 – 120000 ₽ на руки,Без опыта,Гармония Здоровья,Красноярск
Фронтед-разработчик (программист),от 55000 ₽ на руки,Без опыта,ОООИнсит,Копейск
JavaScript разработчик (стажер),Не указана,Без опыта,Aston,Москва
Разработчик С#,176400 – 235200 ₽ на руки,Опыт 3-6 лет,ОООЦентр внедрения документооборота,Москва
Программист 1С, до 230000 ₽ на руки,Опыт 1-3 года,АОПСКОВВТОРМЕТ,Псков
Программист 1С,300000 – 1500000 ₸ на руки,Опыт 1-3 года,ТООASTER AUTO,Алматы
Программист 1С,от 380000 ₽ до  вычета налогов,Опыт 1-3 года,ОООАванкор,Москва
Преподаватель IT (подработка), до 90000 ₽ до  вычета налогов,Без опыта,АНО ДО Московская школа программистов,Санкт-Петербург
Ведущий программист 1С,от 339000 ₽ до  вычета налогов,Опыт 3-6 лет,Теремок,Москва
Программист 1С,от 80000сом на руки,Опыт 3-6 лет,ОсОО РУСТЭЛЬ,Бишкек
Программист С++/Qt (junior),от 70000 ₽ на руки,Без опыта,ОООАргун-Софт,Санкт-Петербург
Программист-стажер 1C,от 50000 ₽ на руки,Без опыта,IT-компания Рациональные Решения,Нижний Новгород
Программист,от 250000 ₽ на руки,Без опыта,ОООЧОП Центавр,Москва
Младший программист 1С,77000 – 77000 ₽ до  вычета налогов,Без опыта,ОООМОУШН ПРОДАКТС,Санкт-Петербург
Junior Software Developer (C/C++/C#),от 130000 ₽ на руки,Без опыта,ОООВСВН Лаб,Санкт-Петербург
Программист-разработчик (Junior),от 30000 ₽ на руки,Без опыта,Группа компаний «БПО»,Москва
Младший разработчик,Не указана,Опыт 1-3 года,Doczilla,Москва
Стажер-программист SQL/Delphi,Не указана,Без опыта,СПИК СЗМА,Санкт-Петербург
Программист,от 240000 ₽ на руки,Опыт 3-6 лет,ZEKKERT,Санкт-Петербург
Программист,от 65000 ₽ на руки,Без опыта,ОООПродмастер,Санкт-Петербург
Программист С# Junior,100000 – 120000 ₽ на руки,Без опыта,Гармония Здоровья,Красноярск
Фронтед-разработчик (программист),от 55000 ₽ на руки,Без опыта,ОООИнсит,Копейск
JavaScript разработчик (стажер),Не указана,Без опыта,Aston,Москва
Программист С++ (Middle),от 280000 ₽ до  вычета налогов,Опыт 1-3 года,ОООИНИТИ,Москва
Разработчик С#,176400 – 235200 ₽ на руки,Опыт 3-6 лет,ОООЦентр внедрения документооборота,Москва
Программист 1С,300000 – 1500000 ₸ на руки,Опыт 1-3 года,ТООASTER AUTO,Алматы
Программист 1С,от 380000 ₽ до  вычета налогов,Опыт 1-3 года,ОООАванкор,Москва
Преподаватель IT (подработка), до 90000 ₽ до  вычета налогов,Без опыта,АНО ДО Московская школа программистов,Санкт-Петербург
Ведущий программист 1С,от 339000 ₽ до  вычета налогов,Опыт 3-6 лет,Теремок,Москва
Программист 1С,от 80000сом на руки,Опыт 3-6 лет,ОсОО РУСТЭЛЬ,Бишкек
Программист С++/Qt (junior),от 70000 ₽ на руки,Без опыта,ОООАргун-Софт,Санкт-Петербург
Программист-стажер 1C,от 50000 ₽ на руки,Без опыта,IT-компания Рациональные Решения,Нижний Новгород
Программист,от 250000 ₽ на руки,Без опыта,ОООЧОП Центавр,Москва
Младший программист 1С,77000 – 77000 ₽ до  вычета налогов,Без опыта,ОООМОУШН ПРОДАКТС,Санкт-Петербург
Junior Software Developer (C/C++/C#),от 130000 ₽ на руки,Без опыта,ОООВСВН Лаб,Санкт-Петербург
Программист-разработчик (Junior),от 30000 ₽ на руки,Без опыта,Группа компаний «БПО»,Москва
Младший разработчик,Не указана,Опыт 1-3 года,Doczilla,Москва
Стажер-программист SQL/Delphi,Не указана,Без опыта,СПИК СЗМА,Санкт-Петербург
Программист,от 240000 ₽ на руки,Опыт 3-6 лет,ZEKKERT,Санкт-Петербург
Программист,от 65000 ₽ на руки,Без опыта,ОООПродмастер,Санкт-Петербург
Программист С# Junior,100000 – 120000 ₽ на руки,Без опыта,Гармония Здоровья,Красноярск
Фронтед-разработчик (программист),от 55000 ₽ на руки,Без опыта,ОООИнсит,Копейск
JavaScript разработчик (стажер),Не указана,Без опыта,Aston,Москва
Разработчик С#,176400 – 235200 ₽ на руки,Опыт 3-6 лет,ОООЦентр внедрения документооборота,Москва
Программист 1С, до 230000 ₽ на руки,Опыт 1-3 года,АОПСКОВВТОРМЕТ,Псков
Программист 1С,300000 – 1500000 ₸ на руки,Опыт 1-3 года,ТООASTER AUTO,Алматы
Программист 1С,от 380000 ₽ до  вычета налогов,Опыт 1-3 года,ОООАванкор,Москва
Преподаватель IT (подработка), до 90000 ₽ до  вычета налогов,Без опыта,АНО ДО Московская школа программистов,Санкт-Петербург
Программист 1С,от 130000 ₽ до  вычета налогов,Опыт 1-3 года,ОООАйти-Гуру,Екатеринбург
Программист С++/Qt (junior),от 70000 ₽ на руки,Без опыта,ОООАргун-Софт,Санкт-Петербург
Программист-стажер 1C,от 50000 ₽ на руки,Без опыта,IT-компания Рациональные Решения,Нижний Новгород
Программист,от 250000 ₽ на руки,Без опыта,ОООЧОП Центавр,Москва
Младший программист 1С,77000 – 77000 ₽ до  вычета налогов,Без опыта,ОООМОУШН ПРОДАКТС,Санкт-Петербург
Junior Software Developer (C/C++/C#),от 130000 ₽ на руки,Без опыта,ОООВСВН Лаб,Санкт-Петербург
Программист-разработчик (Junior),от 30000 ₽ на руки,Без опыта,Группа компаний «БПО»,Москва
Младший разработчик,Не указана,Опыт 1-3 года,Doczilla,Москва
Стажер-программист SQL/Delphi,Не указана,Без опыта,СПИК СЗМА,Санкт-Петербург
Программист,от 240000 ₽ на руки,Опыт 3-6 лет,ZEKKERT,Санкт-Петербург
Программист,от 65000 ₽ на руки,Без опыта,ОООПродмастер,Санкт-Петербург
Программист С# Junior,100000 – 120000 ₽ на руки,Без опыта,Гармония Здоровья,Красноярск
Фронтед-разработчик (программист),от 55000 ₽ на руки,Без опыта,ОООИнсит,Копейск
JavaScript разработчик (стажер),Не указана,Без опыта,Aston,Москва
"Начинающий программист Delphi, MS SQL",85000 – 130000 ₽ на руки,Без опыта,ОООКарвиль,Санкт-Петербург
Разработчик С#,176400 – 235200 ₽ на руки,Опыт 3-6 лет,ОООЦентр внедрения документооборота,Москва
Программист 1С, до 230000 ₽ на руки,Опыт 1-3 года,АОПСКОВВТОРМЕТ,Псков
Программист 1С,300000 – 1500000 ₸ на руки,Опыт 1-3 года,ТООASTER AUTO,Алматы
Программист 1С,от 380000 ₽ до  вычета налогов,Опыт 1-3 года,ОООАванкор,Москва
Преподаватель IT (подработка), до 90000 ₽ до  вычета налогов,Без опыта,АНО ДО Московская школа программистов,Санкт-Петербург
Ведущий программист 1С,от 339000 ₽ до  вычета налогов,Опыт 3-6 лет,Теремок,Москва
Программист 1С,от 80000сом на руки,Опыт 3-6 лет,ОсОО РУСТЭЛЬ,Бишкек
Программист С++/Qt (junior),от 70000 ₽ на руки,Без опыта,ОООАргун-Софт,Санкт-Петербург
Программист-стажер 1C,от 50000 ₽ на руки,Без опыта,IT-компания Рациональные Решения,Нижний Новгород
Программист,от 250000 ₽ на руки,Без опыта,ОООЧОП Центавр,Москва
Младший программист 1С,77000 – 77000 ₽ до  вычета налогов,Без опыта,ОООМОУШН ПРОДАКТС,Санкт-Петербург
Junior Software Developer (C/C++/C#),от 130000 ₽ на руки,Без опыта,ОООВСВН Лаб,Санкт-Петербург
Программист-разработчик (Junior),от 30000 ₽ на руки,Без опыта,Группа компаний «БПО»,Москва
Младший разработчик,Не указана,Опыт 1-3 года,Doczilla,Москва
Стажер-программист SQL/Delphi,Не указана,Без опыта,СПИК СЗМА,Санкт-Петербург
Программист,от 240000 ₽ на руки,Опыт 3-6 лет,ZEKKERT,Санкт-Петербург
Программист,от 65000 ₽ на руки,Без опыта,ОООПродмастер,Санкт-Петербург
Программист С# Junior,100000 – 120000 ₽ на руки,Без опыта,Гармония Здоровья,Красноярск
Фронтед-разработчик (программист),от 55000 ₽ на руки,Без опыта,ОООИнсит,Копейск
JavaScript разработчик (стажер),Не указана,Без опыта,Aston,Москва
Ведущий программист 1с,Не указана,Опыт 3-6 лет,АОРамакс Интернейшнл,Москва
Программист 1С, до 230000 ₽ на руки,Опыт 1-3 года,АОПСКОВВТОРМЕТ,Псков
Разработчик С#,176400 – 235200 ₽ на руки,Опыт 3-6 лет,ОООЦентр внедрения документооборота,Москва
Программист 1С,300000 – 1500000 ₸ на руки,Опыт 1-3 года,ТООASTER AUTO,Алматы
Программист 1С,от 380000 ₽ до  вычета налогов,Опыт 1-3 года,ОООАванкор,Москва
Программист 1С,Не указана,Опыт 3-6 лет,ОМС,Москва
Программист С++/Qt (junior),от 70000 ₽ на руки,Без опыта,ОООАргун-Софт,Санкт-Петербург
Программист-стажер 1C,от 50000 ₽ на руки,Без опыта,IT-компания Рациональные Решения,Нижний Новгород
Программист,от 250000 ₽ на руки,Без опыта,ОООЧОП Центавр,Москва
Младший программист 1С,77000 – 77000 ₽ до  вычета налогов,Без опыта,ОООМОУШН ПРОДАКТС,Санкт-Петербург
Junior Software Developer (C/C++/C#),от 130000 ₽ на руки,Без опыта,ОООВСВН Лаб,Санкт-Петербург
Программист-разработчик (Junior),от 30000 ₽ на руки,Без опыта,Группа компаний «БПО»,Москва
Младший разработчик,Не указана,Опыт 1-3 года,Doczilla,Москва
Стажер-программист SQL/Delphi,Не указана,Без опыта,СПИК СЗМА,Санкт-Петербург
Программист,от 240000 ₽ на руки,Опыт 3-6 лет,ZEKKERT,Санкт-Петербург
Программист,от 65000 ₽ на руки,Без опыта,ОООПродмастер,Санкт-Петербург
Программист С# Junior,100000 – 120000 ₽ на руки,Без опыта,Гармония Здоровья,Красноярск
Фронтед-разработчик (программист),от 55000 ₽ на руки,Без опыта,ОООИнсит,Копейск
JavaScript разработчик (стажер),Не указана,Без опыта,Aston,Москва
"Начинающий программист Delphi, MS SQL",85000 – 130000 ₽ на руки,Без опыта,ОООКарвиль,Санкт-Петербург
Разработчик С#,176400 – 235200 ₽ на руки,Опыт 3-6 лет,ОООЦентр внедрения документооборота,Москва
Ведущий программист 1с,Не указана,Опыт 3-6 лет,АОРамакс Интернейшнл,Москва
Программист 1С,300000 – 1500000 ₸ на руки,Опыт 1-3 года,ТООASTER AUTO,Алматы
Программист 1С,от 380000 ₽ до  вычета налогов,Опыт 1-3 года,ОООАванкор,Москва
Программист 1С,Не указана,Опыт 3-6 лет,ОМС,Москва
Программист С++/Qt (junior),от 70000 ₽ на руки,Без опыта,ОООАргун-Софт,Санкт-Петербург
Программист-стажер 1C,от 50000 ₽ на руки,Без опыта,IT-компания Рациональные Решения,Нижний Новгород
Программист,от 250000 ₽ на руки,Без опыта,ОООЧОП Центавр,Москва
Младший программист 1С,77000 – 77000 ₽ до  вычета налогов,Без опыта,ОООМОУШН ПРОДАКТС,Санкт-Петербург
Junior Software Developer (C/C++/C#),от 130000 ₽ на руки,Без опыта,ОООВСВН Лаб,Санкт-Петербург
Программист-разработчик (Junior),от 30000 ₽ на руки,Без опыта,Группа компаний «БПО»,Москва
Младший разработчик,Не указана,Опыт 1-3 года,Doczilla,Москва
Стажер-программист SQL/Delphi,Не указана,Без опыта,СПИК СЗМА,Санкт-Петербург
Программист,от 240000 ₽ на руки,Опыт 3-6 лет,ZEKKERT,Санкт-Петербург
Программист,от 65000 ₽ на руки,Без опыта,ОООПродмастер,Санкт-Петербург
Программист С# Junior,100000 – 120000 ₽ на руки,Без опыта,Гармония Здоровья,Красноярск
Фронтед-разработчик (программист),от 55000 ₽ на руки,Без опыта,ОООИнсит,Копейск
JavaScript разработчик (стажер),Не указана,Без опыта,Aston,Москва
"Начинающий программист Delphi, MS SQL",85000 – 130000 ₽ на руки,Без опыта,ОООКарвиль,Санкт-Петербург
Junior Программист 1С (Стажер/ Удаленная работа),40000 – 60000 ₽ на руки,Без опыта,ОООРусские решения,Санкт-Петербург
Разработчик С#,176400 – 235200 ₽ на руки,Опыт 3-6 лет,ОООЦентр внедрения документооборота,Москва
Программист 1С, до 230000 ₽ на руки,Опыт 1-3 года,АОПСКОВВТОРМЕТ,Псков
Программист 1С,300000 – 1500000 ₸ на руки,Опыт 1-3 года,ТООASTER AUTO,Алматы
Программист 1С,от 380000 ₽ до  вычета налогов,Опыт 1-3 года,ОООАванкор,Москва
Программист 1С,Не указана,Опыт 3-6 лет,ОМС,Москва
Программист С++/Qt (junior),от 70000 ₽ на руки,Без опыта,ОООАргун-Софт,Санкт-Петербург
Программист-стажер 1C,от 50000 ₽ на руки,Без опыта,IT-компания Рациональные Решения,Нижний Новгород
Программист,от 250000 ₽ на руки,Без опыта,ОООЧОП Центавр,Москва
Младший программист 1С,77000 – 77000 ₽ до  вычета налогов,Без опыта,ОООМОУШН ПРОДАКТС,Санкт-Петербург
Junior Software Developer (C/C++/C#),от 130000 ₽ на руки,Без опыта,ОООВСВН Лаб,Санкт-Петербург
Программист-разработчик (Junior),от 30000 ₽ на руки,Без опыта,Группа компаний «БПО»,Москва
Младший разработчик,Не указана,Опыт 1-3 года,Doczilla,Москва
Стажер-программист SQL/Delphi,Не указана,Без опыта,СПИК СЗМА,Санкт-Петербург
Программист,от 240000 ₽ на руки,Опыт 3-6 лет,ZEKKERT,Санкт-Петербург
Программист,от 65000 ₽ на руки,Без опыта,ОООПродмастер,Санкт-Петербург
Программист С# Junior,100000 – 120000 ₽ на руки,Без опыта,Гармония Здоровья,Красноярск
Фронтед-разработчик (программист),от 55000 ₽ на руки,Без опыта,ОООИнсит,Копейск
JavaScript разработчик (стажер),Не указана,Без опыта,Aston,Москва
"Начинающий программист Delphi, MS SQL",85000 – 130000 ₽ на руки,Без опыта,ОООКарвиль,Санкт-Петербург
Junior Программист 1С (Стажер/ Удаленная работа),40000 – 60000 ₽ на руки,Без опыта,ОООРусские решения,Санкт-Петербург
Программист С++ (Middle),от 280000 ₽ до  вычета налогов,Опыт 1-3 года,ОООИНИТИ,Москва
Разработчик С#,176400 – 235200 ₽ на руки,Опыт 3-6 лет,ОООЦентр внедрения документооборота,Москва
Программист 1С,300000 – 1500000 ₸ на руки,Опыт 1-3 года,ТООASTER AUTO,Алматы
Программист 1С,от 380000 ₽ до  вычета налогов,Опыт 1-3 года,ОООАванкор,Москва
Преподаватель IT (подработка), до 90000 ₽ до  вычета налогов,Без опыта,АНО ДО Московская школа программистов,Санкт-Петербург
Ведущий программист 1С,от 339000 ₽ до  вычета налогов,Опыт 3-6 лет,Теремок,Москва
Программист 1С,от 80000сом на руки,Опыт 3-6 лет,ОсОО РУСТЭЛЬ,Бишкек
Программист С++/Qt (junior),от 70000 ₽ на руки,Без опыта,ОООАргун-Софт,Санкт-Петербург
Программист-стажер 1C,от 50000 ₽ на руки,Без опыта,IT-компания Рациональные Решения,Нижний Новгород
Программист,от 250000 ₽ на руки,Без опыта,ОООЧОП Центавр,Москва
Младший программист 1С,77000 – 77000 ₽ до  вычета налогов,Без опыта,ОООМОУШН ПРОДАКТС,Санкт-Петербург
Junior Software Developer (C/C++/C#),от 130000 ₽ на руки,Без опыта,ОООВСВН Лаб,Санкт-Петербург
Программист-разработчик (Junior),от 30000 ₽ на руки,Без опыта,Группа компаний «БПО»,Москва
Младший разработчик,Не указана,Опыт 1-3 года,Doczilla,Москва
Стажер-программист SQL/Delphi,Не указана,Без опыта,СПИК СЗМА,Санкт-Петербург
Программист,от 240000 ₽ на руки,Опыт 3-6 лет,ZEKKERT,Санкт-Петербург
Программист,от 65000 ₽ на руки,Без опыта,ОООПродмастер,Санкт-Петербург
Программист С# Junior,100000 – 120000 ₽ на руки,Без опыта,Гармония Здоровья,Красноярск
Фронтед-разработчик (программист),от 55000 ₽ на руки,Без опыта,ОООИнсит,Копейск
JavaScript разработчик (стажер),Не указана,Без опыта,Aston,Москва
Разработчик С#,176400 – 235200 ₽ на руки,Опыт 3-6 лет,ОООЦентр внедрения документооборота,Москва
Программист 1С, до 230000 ₽ на руки,Опыт 1-3 года,АОПСКОВВТОРМЕТ,Псков
Программист 1С,300000 – 1500000 ₸ на руки,Опыт 1-3 года,ТООASTER AUTO,Алматы
Программист 1С,от 380000 ₽ до  вычета налогов,Опыт 1-3 года,ОООАванкор,Москва
Программист 1С,Не указана,Опыт 3-6 лет,ОМС,Москва
Программист С++/Qt (junior),от 70000 ₽ на руки,Без опыта,ОООАргун-Софт,Санкт-Петербург
Программист-стажер 1C,от 50000 ₽ на руки,Без опыта,IT-компания Рациональные Решения,Нижний Новгород
Программист,от 250000 ₽ на руки,Без опыта,ОООЧОП Центавр,Москва
Младший программист 1С,77000 – 77000 ₽ до  вычета налогов,Без опыта,ОООМОУШН ПРОДАКТС,Санкт-Петербург
Junior Software Developer (C/C++/C#),от 130000 ₽ на руки,Без опыта,ОООВСВН Лаб,Санкт-Петербург
Программист-разработчик (Junior),от 30000 ₽ на руки,Без опыта,Группа компаний «БПО»,Москва
Младший разработчик,Не указана,Опыт 1-3 года,Doczilla,Москва
Стажер-программист SQL/Delphi,Не указана,Без опыта,СПИК СЗМА,Санкт-Петербург
Программист,от 240000 ₽ на руки,Опыт 3-6 лет,ZEKKERT,Санкт-Петербург
Программист,от 65000 ₽ на руки,Без опыта,ОООПродмастер,Санкт-Петербург
Программист С# Junior,100000 – 120000 ₽ на руки,Без опыта,Гармония Здоровья,Красноярск
Фронтед-разработчик (программист),от 55000 ₽ на руки,Без опыта,ОООИнсит,Копейск
JavaScript разработчик (стажер),Не указана,Без опыта,Aston,Москва
"Начинающий программист Delphi, MS SQL",85000 – 130000 ₽ на руки,Без опыта,ОООКарвиль,Санкт-Петербург
Junior Программист 1С (Стажер/ Удаленная работа),40000 – 60000 ₽ на руки,Без опыта,ОООРусские решения,Санкт-Петербург
Разработчик С#,176400 – 235200 ₽ на руки,Опыт 3-6 лет,ОООЦентр внедрения документооборота,Москва
Ведущий программист 1с,Не указана,Опыт 3-6 лет,АОРамакс Интернейшнл,Москва
Программист 1С,300000 – 1500000 ₸ на руки,Опыт 1-3 года,ТООASTER AUTO,Алматы
Программист 1С,от 380000 ₽ до  вычета налогов,Опыт 1-3 года,ОООАванкор,Москва
Преподаватель IT (подработка), до 90000 ₽ до  вычета налогов,Без опыта,АНО ДО Московская школа программистов,Санкт-Петербург
Программист 1С,от 130000 ₽ до  вычета налогов,Опыт 1-3 года,ОООАйти-Гуру,Екатеринбург
Программист С++/Qt (junior),от 70000 ₽ на руки,Без опыта,ОООАргун-Софт,Санкт-Петербург
Программист-стажер 1C,от 50000 ₽ на руки,Без опыта,IT-компания Рациональные Решения,Нижний Новгород
Программист,от 250000 ₽ на руки,Без опыта,ОООЧОП Центавр,Москва
Младший программист 1С,77000 – 77000 ₽ до  вычета налогов,Без опыта,ОООМОУШН ПРОДАКТС,Санкт-Петербург
Junior Software Developer (C/C++/C#),от 130000 ₽ на руки,Без опыта,ОООВСВН Лаб,Санкт-Петербург
Программист-разработчик (Junior),от 30000 ₽ на руки,Без опыта,Группа компаний «БПО»,Москва
Младший разработчик,Не указана,Опыт 1-3 года,Doczilla,Москва
Стажер-программист SQL/Delphi,Не указана,Без опыта,СПИК СЗМА,Санкт-Петербург
Программист,от 240000 ₽ на руки,Опыт 3-6 лет,ZEKKERT,Санкт-Петербург
Программист,от 65000 ₽ на руки,Без опыта,ОООПродмастер,Санкт-Петербург
Программист С# Junior,100000 – 120000 ₽ на руки,Без опыта,Гармония Здоровья,Красноярск
Фронтед-разработчик (программист),от 55000 ₽ на руки,Без опыта,ОООИнсит,Копейск
JavaScript разработчик (стажер),Не указана,Без опыта,Aston,Москва
"Начинающий программист Delphi, MS SQL",85000 – 130000 ₽ на руки,Без опыта,ОООКарвиль,Санкт-Петербург
Разработчик С#,176400 – 235200 ₽ на руки,Опыт 3-6 лет,ОООЦентр внедрения документооборота,Москва
Программист 1С, до 230000 ₽ на руки,Опыт 1-3 года,АОПСКОВВТОРМЕТ,Псков
Программист 1С,300000 – 1500000 ₸ на руки,Опыт 1-3 года,ТООASTER AUTO,Алматы
Программист 1С,от 380000 ₽ до  вычета налогов,Опыт 1-3 года,ОООАванкор,Москва
Преподаватель IT (подработка), до 90000 ₽ до  вычета налогов,Без опыта,АНО ДО Московская школа программистов,Санкт-Петербург
Программист 1С,от 130000 ₽ до  вычета налогов,Опыт 1-3 года,ОООАйти-Гуру,Екатеринбург
Программист С++/Qt (junior),от 70000 ₽ на руки,Без опыта,ОООАргун-Софт,Санкт-Петербург
Программист-стажер 1C,от 50000 ₽ на руки,Без опыта,IT-компания Рациональные Решения,Нижний Новгород
Программист,от 250000 ₽ на руки,Без опыта,ОООЧОП Центавр,Москва
Младший программист 1С,77000 – 77000 ₽ до  вычета налогов,Без опыта,ОООМОУШН ПРОДАКТС,Санкт-Петербург
Junior Software Developer (C/C++/C#),от 130000 ₽ на руки,Без опыта,ОООВСВН Лаб,Санкт-Петербург
Программист-разработчик (Junior),от 30000 ₽ на руки,Без опыта,Группа компаний «БПО»,Москва
Младший разработчик,Не указана,Опыт 1-3 года,Doczilla,Москва
Стажер-программист SQL/Delphi,Не указана,Без опыта,СПИК СЗМА,Санкт-Петербург
Программист,от 240000 ₽ на руки,Опыт 3-6 лет,ZEKKERT,Санкт-Петербург
Программист,от 65000 ₽ на руки,Без опыта,ОООПродмастер,Санкт-Петербург
Программист С# Junior,100000 – 120000 ₽ на руки,Без опыта,Гармония Здоровья,Красноярск
Фронтед-разработчик (программист),от 55000 ₽ на руки,Без опыта,ОООИнсит,Копейск
JavaScript разработчик (стажер),Не указана,Без опыта,Aston,Москва
"Начинающий программист Delphi, MS SQL",85000 – 130000 ₽ на руки,Без опыта,ОООКарвиль,Санкт-Петербург
Разработчик С#,176400 – 235200 ₽ на руки,Опыт 3-6 лет,ОООЦентр внедрения документооборота,Москва
Программист 1С, до 230000 ₽ на руки,Опыт 1-3 года,АОПСКОВВТОРМЕТ,Псков
Программист 1С,300000 – 1500000 ₸ на руки,Опыт 1-3 года,ТООASTER AUTO,Алматы
Программист 1С,от 380000 ₽ до  вычета налогов,Опыт 1-3 года,ОООАванкор,Москва
Преподаватель IT (подработка), до 90000 ₽ до  вычета налогов,Без опыта,АНО ДО Московская школа программистов,Санкт-Петербург
Ведущий программист 1С,от 339000 ₽ до  вычета налогов,Опыт 3-6 лет,Теремок,Москва
Программист 1С,от 80000сом на руки,Опыт 3-6 лет,ОсОО РУСТЭЛЬ,Бишкек
Программист С++/Qt (junior),от 70000 ₽ на руки,Без опыта,ОООАргун-Софт,Санкт-Петербург
Программист-стажер 1C,от 50000 ₽ на руки,Без опыта,IT-компания Рациональные Решения,Нижний Новгород
Программист,от 250000 ₽ на руки,Без опыта,ОООЧОП Центавр,Москва
Младший программист 1С,77000 – 77000 ₽ до  вычета налогов,Без опыта,ОООМОУШН ПРОДАКТС,Санкт-Петербург
Junior Software Developer (C/C++/C#),от 130000 ₽ на руки,Без опыта,ОООВСВН Лаб,Санкт-Петербург
Программист-разработчик (Junior),от 30000 ₽ на руки,Без опыта,Группа компаний «БПО»,Москва
Младший разработчик,Не указана,Опыт 1-3 года,Doczilla,Москва
Стажер-программист SQL/Delphi,Не указана,Без опыта,СПИК СЗМА,Санкт-Петербург
Программист,от 240000 ₽ на руки,Опыт 3-6 лет,ZEKKERT,Санкт-Петербург
Программист,от 65000 ₽ на руки,Без опыта,ОООПродмастер,Санкт-Петербург
Программист С# Junior,100000 – 120000 ₽ на руки,Без опыта,Гармония Здоровья,Красноярск
Фронтед-разработчик (программист),от 55000 ₽ на руки,Без опыта,ОООИнсит,Копейск
JavaScript разработчик (стажер),Не указана,Без опыта,Aston,Москва
Разработчик С#,176400 – 235200 ₽ на руки,Опыт 3-6 лет,ОООЦентр внедрения документооборота,Москва
Программист 1С, до 230000 ₽ на руки,Опыт 1-3 года,АОПСКОВВТОРМЕТ,Псков
Программист 1С,300000 – 1500000 ₸ на руки,Опыт 1-3 года,ТООASTER AUTO,Алматы
Программист 1С,от 380000 ₽ до  вычета налогов,Опыт 1-3 года,ОООАванкор,Москва
Преподаватель IT (подработка), до 90000 ₽ до  вычета налогов,Без опыта,АНО ДО Московская школа программистов,Санкт-Петербург
Ведущий программист 1С,от 339000 ₽ до  вычета налогов,Опыт 3-6 лет,Теремок,Москва
Программист 1С,от 80000сом на руки,Опыт 3-6 лет,ОсОО РУСТЭЛЬ,Бишкек
Программист С++/Qt (junior),от 70000 ₽ на руки,Без опыта,ОООАргун-Софт,Санкт-Петербург
Программист-стажер 1C,от 50000 ₽ на руки,Без опыта,IT-компания Рациональные Решения,Нижний Новгород
Программист,от 250000 ₽ на руки,Без опыта,ОООЧОП Центавр,Москва
Младший программист 1С,77000 – 77000 ₽ до  вычета налогов,Без опыта,ОООМОУШН ПРОДАКТС,Санкт-Петербург
Junior Software Developer (C/C++/C#),от 130000 ₽ на руки,Без опыта,ОООВСВН Лаб,Санкт-Петербург
Программист-разработчик (Junior),от 30000 ₽ на руки,Без опыта,Группа компаний «БПО»,Москва
Младший разработчик,Не указана,Опыт 1-3 года,Doczilla,Москва
Стажер-программист SQL/Delphi,Не указана,Без опыта,СПИК СЗМА,Санкт-Петербург
Программист,от 240000 ₽ на руки,Опыт 3-6 лет,ZEKKERT,Санкт-Петербург
Программист,от 65000 ₽ на руки,Без опыта,ОООПродмастер,Санкт-Петербург
Программист С# Junior,100000 – 120000 ₽ на руки,Без опыта,Гармония Здоровья,Красноярск
Фронтед-разработчик (программист),от 55000 ₽ на руки,Без опыта,ОООИнсит,Копейск
JavaScript разработчик (стажер),Не указана,Без опыта,Aston,Москва
Программист 1С, до 230000 ₽ на руки,Опыт 1-3 года,АОПСКОВВТОРМЕТ,Псков
Middle Fullstack разработчик,150000 – 250000 ₽ на руки,Опыт 3-6 лет,ОООМайхит,Казань
Разработчик С#,176400 – 235200 ₽ на руки,Опыт 3-6 лет,ОООЦентр внедрения документооборота,Москва
Программист 1С,300000 – 1500000 ₸ на руки,Опыт 1-3 года,ТООASTER AUTO,Алматы
Программист 1С,от 380000 ₽ до  вычета налогов,Опыт 1-3 года,ОООАванкор,Москва
Преподаватель IT (подработка), до 90000 ₽ до  вычета налогов,Без опыта,АНО ДО Московская школа программистов,Санкт-Петербург
Ведущий программист 1С,от 339000 ₽ до  вычета налогов,Опыт 3-6 лет,Теремок,Москва
Программист 1С,от 80000сом на руки,Опыт 3-6 лет,ОсОО РУСТЭЛЬ,Бишкек
Программист С++/Qt (junior),от 70000 ₽ на руки,Без опыта,ОООАргун-Софт,Санкт-Петербург
Программист-стажер 1C,от 50000 ₽ на руки,Без опыта,IT-компания Рациональные Решения,Нижний Новгород
Программист,от 250000 ₽ на руки,Без опыта,ОООЧОП Центавр,Москва
Младший программист 1С,77000 – 77000 ₽ до  вычета налогов,Без опыта,ОООМОУШН ПРОДАКТС,Санкт-Петербург
Junior Software Developer (C/C++/C#),от 130000 ₽ на руки,Без опыта,ОООВСВН Лаб,Санкт-Петербург
Программист-разработчик (Junior),от 30000 ₽ на руки,Без опыта,Группа компаний «БПО»,Москва
Младший разработчик,Не указана,Опыт 1-3 года,Doczilla,Москва
Стажер-программист SQL/Delphi,Не указана,Без опыта,СПИК СЗМА,Санкт-Петербург
Программист,от 240000 ₽ на руки,Опыт 3-6 лет,ZEKKERT,Санкт-Петербург
Программист,от 65000 ₽ на руки,Без опыта,ОООПродмастер,Санкт-Петербург
Программист С# Junior,100000 – 120000 ₽ на руки,Без опыта,Гармония Здоровья,Красноярск
Фронтед-разработчик (программист),от 55000 ₽ на руки,Без опыта,ОООИнсит,Копейск
Разработчик С#,176400 – 235200 ₽ на руки,Опыт 3-6 лет,ОООЦентр внедрения документооборота,Москва
Программист 1С, до 230000 ₽ на руки,Опыт 1-3 года,АОПСКОВВТОРМЕТ,Псков
Программист 1С,300000 – 1500000 ₸ на руки,Опыт 1-3 года,ТООASTER AUTO,Алматы
Программист 1С,от 380000 ₽ до  вычета налогов,Опыт 1-3 года,ОООАванкор,Москва
Программист 1С,Не указана,Опыт 3-6 лет,ОМС,Москва
Программист С++/Qt (junior),от 70000 ₽ на руки,Без опыта,ОООАргун-Софт,Санкт-Петербург
Программист-стажер 1C,от 50000 ₽ на руки,Без опыта,IT-компания Рациональные Решения,Нижний Новгород
Программист,от 250000 ₽ на руки,Без опыта,ОООЧОП Центавр,Москва
Младший программист 1С,77000 – 77000 ₽ до  вычета налогов,Без опыта,ОООМОУШН ПРОДАКТС,Санкт-Петербург
Junior Software Developer (C/C++/C#),от 130000 ₽ на руки,Без опыта,ОООВСВН Лаб,Санкт-Петербург
Программист-разработчик (Junior),от 30000 ₽ на руки,Без опыта,Группа компаний «БПО»,Москва
Младший разработчик,Не указана,Опыт 1-3 года,Doczilla,Москва
Стажер-программист SQL/Delphi,Не указана,Без опыта,СПИК СЗМА,Санкт-Петербург
Программист,от 240000 ₽ на руки,Опыт 3-6 лет,ZEKKERT,Санкт-Петербург
Программист,от 65000 ₽ на руки,Без опыта,ОООПродмастер,Санкт-Петербург
Программист С# Junior,100000 – 120000 ₽ на руки,Без опыта,Гармония Здоровья,Красноярск
Фронтед-разработчик (программист),от 55000 ₽ на руки,Без опыта,ОООИнсит,Копейск
JavaScript разработчик (стажер),Не указана,Без опыта,Aston,Москва
"Начинающий программист Delphi, MS SQL",85000 – 130000 ₽ на руки,Без опыта,ОООКарвиль,Санкт-Петербург
Junior Программист 1С (Стажер/ Удаленная работа),40000 – 60000 ₽ на руки,Без опыта,ОООРусские решения,Санкт-Петербург
Разработчик С#,176400 – 235200 ₽ на руки,Опыт 3-6 лет,ОООЦентр внедрения документооборота,Москва
Программист 1С, до 230000 ₽ на руки,Опыт 1-3 года,АОПСКОВВТОРМЕТ,Псков
Программист 1С,300000 – 1500000 ₸ на руки,Опыт 1-3 года,ТООASTER AUTO,Алматы
Программист 1С,от 380000 ₽ до  вычета налогов,Опыт 1-3 года,ОООАванкор,Москва
Преподаватель IT (подработка), до 90000 ₽ до  вычета налогов,Без опыта,АНО ДО Московская школа программистов,Санкт-Петербург
Программист 1С,от 130000 ₽ до  вычета налогов,Опыт 1-3 года,ОООАйти-Гуру,Екатеринбург
Программист С++/Qt (junior),от 70000 ₽ на руки,Без опыта,ОООАргун-Софт,Санкт-Петербург
Программист-стажер 1C,от 50000 ₽ на руки,Без опыта,IT-компания Рациональные Решения,Нижний Новгород
Программист,от 250000 ₽ на руки,Без опыта,ОООЧОП Центавр,Москва
Младший программист 1С,77000 – 77000 ₽ до  вычета налогов,Без опыта,ОООМОУШН ПРОДАКТС,Санкт-Петербург
Junior Software Developer (C/C++/C#),от 130000 ₽ на руки,Без опыта,ОООВСВН Лаб,Санкт-Петербург
Программист-разработчик (Junior),от 30000 ₽ на руки,Без опыта,Группа компаний «БПО»,Москва
Младший разработчик,Не указана,Опыт 1-3 года,Doczilla,Москва
Стажер-программист SQL/Delphi,Не указана,Без опыта,СПИК СЗМА,Санкт-Петербург
Программист,от 240000 ₽ на руки,Опыт 3-6 лет,ZEKKERT,Санкт-Петербург
Программист,от 65000 ₽ на руки,Без опыта,ОООПродмастер,Санкт-Петербург
Программист С# Junior,100000 – 120000 ₽ на руки,Без опыта,Гармония Здоровья,Красноярск
Фронтед-разработчик (программист),от 55000 ₽ на руки,Без опыта,ОООИнсит,Копейск
JavaScript разработчик (стажер),Не указана,Без опыта,Aston,Москва
"Начинающий программист Delphi, MS SQL",85000 – 130000 ₽ на руки,Без опыта,ОООКарвиль,Санкт-Петербург
Программист С++ (Middle),от 280000 ₽ до  вычета налогов,Опыт 1-3 года,ОООИНИТИ,Москва
Разработчик С#,176400 – 235200 ₽ на руки,Опыт 3-6 лет,ОООЦентр внедрения документооборота,Москва
Программист 1С,300000 – 1500000 ₸ на руки,Опыт 1-3 года,ТООASTER AUTO,Алматы
Программист 1С,от 380000 ₽ до  вычета налогов,Опыт 1-3 года,ОООАванкор,Москва
Преподаватель IT (подработка), до 90000 ₽ до  вычета налогов,Без опыта,АНО ДО Московская школа программистов,Санкт-Петербург
Ведущий программист 1С,от 339000 ₽ до  вычета налогов,Опыт 3-6 лет,Теремок,Москва
Программист 1С,от 80000сом на руки,Опыт 3-6 лет,ОсОО РУСТЭЛЬ,Бишкек
Программист С++/Qt (junior),от 70000 ₽ на руки,Без опыта,ОООАргун-Софт,Санкт-Петербург
Программист-стажер 1C,от 50000 ₽ на руки,Без опыта,IT-компания Рациональные Решения,Нижний Новгород
Программист,от 250000 ₽ на руки,Без опыта,ОООЧОП Центавр,Москва
Младший программист 1С,77000 – 77000 ₽ до  вычета налогов,Без опыта,ОООМОУШН ПРОДАКТС,Санкт-Петербург
Junior Software Developer (C/C++/C#),от 130000 ₽ на руки,Без опыта,ОООВСВН Лаб,Санкт-Петербург
Программист-разработчик (Junior),от 30000 ₽ на руки,Без опыта,Группа компаний «БПО»,Москва
Младший разработчик,Не указана,Опыт 1-3 года,Doczilla,Москва
Стажер-программист SQL/Delphi,Не указана,Без опыта,СПИК СЗМА,Санкт-Петербург
Программист,от 240000 ₽ на руки,Опыт 3-6 лет,ZEKKERT,Санкт-Петербург
Программист,от 65000 ₽ на руки,Без опыта,ОООПродмастер,Санкт-Петербург
Программист С# Junior,100000 – 120000 ₽ на руки,Без опыта,Гармония Здоровья,Красноярск
Фронтед-разработчик (программист),от 55000 ₽ на руки,Без опыта,ОООИнсит,Копейск
JavaScript разработчик (стажер),Не указана,Без опыта,Aston,Москва
Программист 1С, до 230000 ₽ на руки,Опыт 1-3 года,АОПСКОВВТОРМЕТ,Псков
Middle Fullstack разработчик,150000 – 250000 ₽ на руки,Опыт 3-6 лет,ОООМайхит,Казань
Разработчик С#,176400 – 235200 ₽ на руки,Опыт 3-6 лет,ОООЦентр внедрения документооборота,Москва
Программист 1С,300000 – 1500000 ₸ на руки,Опыт 1-3 года,ТООASTER AUTO,Алматы
Программист 1С,от 380000 ₽ до  вычета налогов,Опыт 1-3 года,ОООАванкор,Москва
Преподаватель IT (подработка), до 90000 ₽ до  вычета налогов,Без опыта,АНО ДО Московская школа программистов,Санкт-Петербург
Программист 1С,от 130000 ₽ до  вычета налогов,Опыт 1-3 года,ОООАйти-Гуру,Екатеринбург
Программист С++/Qt (junior),от 70000 ₽ на руки,Без опыта,ОООАргун-Софт,Санкт-Петербург
Программист-стажер 1C,от 50000 ₽ на руки,Без опыта,IT-компания Рациональные Решения,Нижний Новгород
Программист,от 250000 ₽ на руки,Без опыта,ОООЧОП Центавр,Москва
Младший программист 1С,77000 – 77000 ₽ до  вычета налогов,Без опыта,ОООМОУШН ПРОДАКТС,Санкт-Петербург
Junior Software Developer (C/C++/C#),от 130000 ₽ на руки,Без опыта,ОООВСВН Лаб,Санкт-Петербург
Программист-разработчик (Junior),от 30000 ₽ на руки,Без опыта,Группа компаний «БПО»,Москва
Младший разработчик,Не указана,Опыт 1-3 года,Doczilla,Москва
Стажер-программист SQL/Delphi,Не указана,Без опыта,СПИК СЗМА,Санкт-Петербург
Программист,от 240000 ₽ на руки,Опыт 3-6 лет,ZEKKERT,Санкт-Петербург
Программист,от 65000 ₽ на руки,Без опыта,ОООПродмастер,Санкт-Петербург
Программист С# Junior,100000 – 120000 ₽ на руки,Без опыта,Гармония Здоровья,Красноярск
Фронтед-разработчик (программист),от 55000 ₽ на руки,Без опыта,ОООИнсит,Копейск
JavaScript разработчик (стажер),Не указана,Без опыта,Aston,Москва
Разработчик С#,176400 – 235200 ₽ на руки,Опыт 3-6 лет,ОООЦентр внедрения документооборота,Москва
Программист 1С, до 230000 ₽ на руки,Опыт 1-3 года,АОПСКОВВТОРМЕТ,Псков
Программист 1С,300000 – 1500000 ₸ на руки,Опыт 1-3 года,ТООASTER AUTO,Алматы
Программист 1С,от 380000 ₽ до  вычета налогов,Опыт 1-3 года,ОООАванкор,Москва
Преподаватель IT (подработка), до 90000 ₽ до  вычета налогов,Без опыта,АНО ДО Московская школа программистов,Санкт-Петербург
Программист 1С,от 130000 ₽ до  вычета налогов,Опыт 1-3 года,ОООАйти-Гуру,Екатеринбург
Программист С++/Qt (junior),от 70000 ₽ на руки,Без опыта,ОООАргун-Софт,Санкт-Петербург
Программист-стажер 1C,от 50000 ₽ на руки,Без опыта,IT-компания Рациональные Решения,Нижний Новгород
Программист,от 250000 ₽ на руки,Без опыта,ОООЧОП Центавр,Москва
Младший программист 1С,77000 – 77000 ₽ до  вычета налогов,Без опыта,ОООМОУШН ПРОДАКТС,Санкт-Петербург
Junior Software Developer (C/C++/C#),от 130000 ₽ на руки,Без опыта,ОООВСВН Лаб,Санкт-Петербург
Программист-разработчик (Junior),от 30000 ₽ на руки,Без опыта,Группа компаний «БПО»,Москва
Младший разработчик,Не указана,Опыт 1-3 года,Doczilla,Москва
Стажер-программист SQL/Delphi,Не указана,Без опыта,СПИК СЗМА,Санкт-Петербург
Программист,от 240000 ₽ на руки,Опыт 3-6 лет,ZEKKERT,Санкт-Петербург
Программист,от 65000 ₽ на руки,Без опыта,ОООПродмастер,Санкт-Петербург
Программист С# Junior,100000 – 120000 ₽ на руки,Без опыта,Гармония Здоровья,Красноярск
Фронтед-разработчик (программист),от 55000 ₽ на руки,Без опыта,ОООИнсит,Копейск
JavaScript разработчик (стажер),Не указана,Без опыта,Aston,Москва
"Начинающий программист Delphi, MS SQL",85000 – 130000 ₽ на руки,Без опыта,ОООКарвиль,Санкт-Петербург
Программист 1С, до 230000 ₽ на руки,Опыт 1-3 года,АОПСКОВВТОРМЕТ,Псков
Middle Fullstack разработчик,150000 – 250000 ₽ на руки,Опыт 3-6 лет,ОООМайхит,Казань
Разработчик С#,176400 – 235200 ₽ на руки,Опыт 3-6 лет,ОООЦентр внедрения документооборота,Москва
Программист 1С,300000 – 1500000 ₸ на руки,Опыт 1-3 года,ТООASTER AUTO,Алматы
Программист 1С,от 380000 ₽ до  вычета налогов,Опыт 1-3 года,ОООАванкор,Москва
Преподаватель IT (подработка), до 90000 ₽ до  вычета налогов,Без опыта,АНО ДО Московская школа программистов,Санкт-Петербург
Ведущий программист 1С,от 339000 ₽ до  вычета налогов,Опыт 3-6 лет,Теремок,Москва
Программист 1С,от 80000сом на руки,Опыт 3-6 лет,ОсОО РУСТЭЛЬ,Бишкек
Программист С++/Qt (junior),от 70000 ₽ на руки,Без опыта,ОООАргун-Софт,Санкт-Петербург
Программист-стажер 1C,от 50000 ₽ на руки,Без опыта,IT-компания Рациональные Решения,Нижний Новгород
Программист,от 250000 ₽ на руки,Без опыта,ОООЧОП Центавр,Москва
Младший программист 1С,77000 – 77000 ₽ до  вычета налогов,Без опыта,ОООМОУШН ПРОДАКТС,Санкт-Петербург
Junior Software Developer (C/C++/C#),от 130000 ₽ на руки,Без опыта,ОООВСВН Лаб,Санкт-Петербург
Программист-разработчик (Junior),от 30000 ₽ на руки,Без опыта,Группа компаний «БПО»,Москва
Младший разработчик,Не указана,Опыт 1-3 года,Doczilla,Москва
Стажер-программист SQL/Delphi,Не указана,Без опыта,СПИК СЗМА,Санкт-Петербург
Программист,от 240000 ₽ на руки,Опыт 3-6 лет,ZEKKERT,Санкт-Петербург
Программист,от 65000 ₽ на руки,Без опыта,ОООПродмастер,Санкт-Петербург
Программист С# Junior,100000 – 120000 ₽ на руки,Без опыта,Гармония Здоровья,Красноярск
Фронтед-разработчик (программист),от 55000 ₽ на руки,Без опыта,ОООИнсит,Копейск
Программист С++ (Middle),от 280000 ₽ до  вычета налогов,Опыт 1-3 года,ОООИНИТИ,Москва
Программист 1С, до 230000 ₽ на руки,Опыт 1-3 года,АОПСКОВВТОРМЕТ,Псков
Разработчик С#,176400 – 235200 ₽ на руки,Опыт 3-6 лет,ОООЦентр внедрения документооборота,Москва
Программист 1С,300000 – 1500000 ₸ на руки,Опыт 1-3 года,ТООASTER AUTO,Алматы
Программист 1С,от 380000 ₽ до  вычета налогов,Опыт 1-3 года,ОООАванкор,Москва
Преподаватель IT (подработка), до 90000 ₽ до  вычета налогов,Без опыта,АНО ДО Московская школа программистов,Санкт-Петербург
Ведущий программист 1С,от 339000 ₽ до  вычета налогов,Опыт 3-6 лет,Теремок,Москва
Программист 1С,от 80000сом на руки,Опыт 3-6 лет,ОсОО РУСТЭЛЬ,Бишкек
Программист С++/Qt (junior),от 70000 ₽ на руки,Без опыта,ОООАргун-Софт,Санкт-Петербург
Программист-стажер 1C,от 50000 ₽ на руки,Без опыта,IT-компания Рациональные Решения,Нижний Новгород
Программист,от 250000 ₽ на руки,Без опыта,ОООЧОП Центавр,Москва
Младший программист 1С,77000 – 77000 ₽ до  вычета налогов,Без опыта,ОООМОУШН ПРОДАКТС,Санкт-Петербург
Junior Software Developer (C/C++/C#),от 130000 ₽ на руки,Без опыта,ОООВСВН Лаб,Санкт-Петербург
Программист-разработчик (Junior),от 30000 ₽ на руки,Без опыта,Группа компаний «БПО»,Москва
Младший разработчик,Не указана,Опыт 1-3 года,Doczilla,Москва
Стажер-программист SQL/Delphi,Не указана,Без опыта,СПИК СЗМА,Санкт-Петербург
Программист,от 240000 ₽ на руки,Опыт 3-6 лет,ZEKKERT,Санкт-Петербург
Программист,от 65000 ₽ на руки,Без опыта,ОООПродмастер,Санкт-Петербург
Программист С# Junior,100000 – 120000 ₽ на руки,Без опыта,Гармония Здоровья,Красноярск
Фронтед-разработчик (программист),от 55000 ₽ на руки,Без опыта,ОООИнсит,Копейск
Программист С++ (Middle),от 280000 ₽ до  вычета налогов,Опыт 1-3 года,ОООИНИТИ,Москва
Программист 1С, до 230000 ₽ на руки,Опыт 1-3 года,АОПСКОВВТОРМЕТ,Псков
Разработчик С#,176400 – 235200 ₽ на руки,Опыт 3-6 лет,ОООЦентр внедрения документооборота,Москва
Программист 1С,300000 – 1500000 ₸ на руки,Опыт 1-3 года,ТООASTER AUTO,Алматы
Программист 1С,от 380000 ₽ до  вычета налогов,Опыт 1-3 года,ОООАванкор,Москва
Программист 1С,Не указана,Опыт 3-6 лет,ОМС,Москва
Программист С++/Qt (junior),от 70000 ₽ на руки,Без опыта,ОООАргун-Софт,Санкт-Петербург
Программист-стажер 1C,от 50000 ₽ на руки,Без опыта,IT-компания Рациональные Решения,Нижний Новгород
Программист,от 250000 ₽ на руки,Без опыта,ОООЧОП Центавр,Москва
Младший программист 1С,77000 – 77000 ₽ до  вычета налогов,Без опыта,ОООМОУШН ПРОДАКТС,Санкт-Петербург
Junior Software Developer (C/C++/C#),от 130000 ₽ на руки,Без опыта,ОООВСВН Лаб,Санкт-Петербург
Программист-разработчик (Junior),от 30000 ₽ на руки,Без опыта,Группа компаний «БПО»,Москва
Младший разработчик,Не указана,Опыт 1-3 года,Doczilla,Москва
Стажер-программист SQL/Delphi,Не указана,Без опыта,СПИК СЗМА,Санкт-Петербург
Программист,от 240000 ₽ на руки,Опыт 3-6 лет,ZEKKERT,Санкт-Петербург
Программист,от 65000 ₽ на руки,Без опыта,ОООПродмастер,Санкт-Петербург
Программист С# Junior,100000 – 120000 ₽ на руки,Без опыта,Гармония Здоровья,Красноярск
Фронтед-разработчик (программист),от 55000 ₽ на руки,Без опыта,ОООИнсит,Копейск
JavaScript разработчик (стажер),Не указана,Без опыта,Aston,Москва
"Начинающий программист Delphi, MS SQL",85000 – 130000 ₽ на руки,Без опыта,ОООКарвиль,Санкт-Петербург
Разработчик С#,176400 – 235200 ₽ на руки,Опыт 3-6 лет,ОООЦентр внедрения документооборота,Москва
Программист 1С, до 230000 ₽ на руки,Опыт 1-3 года,АОПСКОВВТОРМЕТ,Псков
Программист 1С,300000 – 1500000 ₸ на руки,Опыт 1-3 года,ТООASTER AUTO,Алматы
Программист 1С,от 380000 ₽ до  вычета налогов,Опыт 1-3 года,ОООАванкор,Москва
Программист 1С,Не указана,Опыт 3-6 лет,ОМС,Москва
Программист С++/Qt (junior),от 70000 ₽ на руки,Без опыта,ОООАргун-Софт,Санкт-Петербург
Программист-стажер 1C,от 50000 ₽ на руки,Без опыта,IT-компания Рациональные Решения,Нижний Новгород
Программист,от 250000 ₽ на руки,Без опыта,ОООЧОП Центавр,Москва
Младший программист 1С,77000 – 77000 ₽ до  вычета налогов,Без опыта,ОООМОУШН ПРОДАКТС,Санкт-Петербург
Junior Software Developer (C/C++/C#),от 130000 ₽ на руки,Без опыта,ОООВСВН Лаб,Санкт-Петербург
Программист-разработчик (Junior),от 30000 ₽ на руки,Без опыта,Группа компаний «БПО»,Москва
Младший разработчик,Не указана,Опыт 1-3 года,Doczilla,Москва
Стажер-программист SQL/Delphi,Не указана,Без опыта,СПИК СЗМА,Санкт-Петербург
Программист,от 240000 ₽ на руки,Опыт 3-6 лет,ZEKKERT,Санкт-Петербург
Программист,от 65000 ₽ на руки,Без опыта,ОООПродмастер,Санкт-Петербург
Программист С# Junior,100000 – 120000 ₽ на руки,Без опыта,Гармония Здоровья,Красноярск
Фронтед-разработчик (программист),от 55000 ₽ на руки,Без опыта,ОООИнсит,Копейск
JavaScript разработчик (стажер),Не указана,Без опыта,Aston,Москва
"Начинающий программист Delphi, MS SQL",85000 – 130000 ₽ на руки,Без опыта,ОООКарвиль,Санкт-Петербург
Junior Программист 1С (Стажер/ Удаленная работа),40000 – 60000 ₽ на руки,Без опыта,ОООРусские решения,Санкт-Петербург
Программист 1С, до 230000 ₽ на руки,Опыт 1-3 года,АОПСКОВВТОРМЕТ,Псков
Middle Fullstack разработчик,150000 – 250000 ₽ на руки,Опыт 3-6 лет,ОООМайхит,Казань
Разработчик С#,176400 – 235200 ₽ на руки,Опыт 3-6 лет,ОООЦентр внедрения документооборота,Москва
Программист 1С,300000 – 1500000 ₸ на руки,Опыт 1-3 года,ТООASTER AUTO,Алматы
Программист 1С,от 380000 ₽ до  вычета налогов,Опыт 1-3 года,ОООАванкор,Москва
Программист 1С,Не указана,Опыт 3-6 лет,ОМС,Москва
Программист С++/Qt (junior),от 70000 ₽ на руки,Без опыта,ОООАргун-Софт,Санкт-Петербург
Программист-стажер 1C,от 50000 ₽ на руки,Без опыта,IT-компания Рациональные Решения,Нижний Новгород
Программист,от 250000 ₽ на руки,Без опыта,ОООЧОП Центавр,Москва
Младший программист 1С,77000 – 77000 ₽ до  вычета налогов,Без опыта,ОООМОУШН ПРОДАКТС,Санкт-Петербург
Junior Software Developer (C/C++/C#),от 130000 ₽ на руки,Без опыта,ОООВСВН Лаб,Санкт-Петербург
Программист-разработчик (Junior),от 30000 ₽ на руки,Без опыта,Группа компаний «БПО»,Москва
Младший разработчик,Не указана,Опыт 1-3 года,Doczilla,Москва
Стажер-программист SQL/Delphi,Не указана,Без опыта,СПИК СЗМА,Санкт-Петербург
Программист,от 240000 ₽ на руки,Опыт 3-6 лет,ZEKKERT,Санкт-Петербург
Программист,от 65000 ₽ на руки,Без опыта,ОООПродмастер,Санкт-Петербург
Программист С# Junior,100000 – 120000 ₽ на руки,Без опыта,Гармония Здоровья,Красноярск
Фронтед-разработчик (программист),от 55000 ₽ на руки,Без опыта,ОООИнсит,Копейск
JavaScript разработчик (стажер),Не указана,Без опыта,Aston,Москва
"Начинающий программист Delphi, MS SQL",85000 – 130000 ₽ на руки,Без опыта,ОООКарвиль,Санкт-Петербург
Разработчик С#,176400 – 235200 ₽ на руки,Опыт 3-6 лет,ОООЦентр внедрения документооборота,Москва
Программист 1С, до 230000 ₽ на руки,Опыт 1-3 года,АОПСКОВВТОРМЕТ,Псков
Программист 1С,300000 – 1500000 ₸ на руки,Опыт 1-3 года,ТООASTER AUTO,Алматы
Программист 1С,от 380000 ₽ до  вычета налогов,Опыт 1-3 года,ОООАванкор,Москва
Преподаватель IT (подработка), до 90000 ₽ до  вычета налогов,Без опыта,АНО ДО Московская школа программистов,Санкт-Петербург
Программист 1С,от 130000 ₽ до  вычета налогов,Опыт 1-3 года,ОООАйти-Гуру,Екатеринбург
Программист С++/Qt (junior),от 70000 ₽ на руки,Без опыта,ОООАргун-Софт,Санкт-Петербург
Программист-стажер 1C,от 50000 ₽ на руки,Без опыта,IT-компания Рациональные Решения,Нижний Новгород
Программист,от 250000 ₽ на руки,Без опыта,ОООЧОП Центавр,Москва
Младший программист 1С,77000 – 77000 ₽ до  вычета налогов,Без опыта,ОООМОУШН ПРОДАКТС,Санкт-Петербург
Junior Software Developer (C/C++/C#),от 130000 ₽ на руки,Без опыта,ОООВСВН Лаб,Санкт-Петербург
Программист-разработчик (Junior),от 30000 ₽ на руки,Без опыта,Группа компаний «БПО»,Москва
Младший разработчик,Не указана,Опыт 1-3 года,Doczilla,Москва
Стажер-программист SQL/Delphi,Не указана,Без опыта,СПИК СЗМА,Санкт-Петербург
Программист,от 240000 ₽ на руки,Опыт 3-6 лет,ZEKKERT,Санкт-Петербург
Программист,от 65000 ₽ на руки,Без опыта,ОООПродмастер,Санкт-Петербург
Программист С# Junior,100000 – 120000 ₽ на руки,Без опыта,Гармония Здоровья,Красноярск
Фронтед-разработчик (программист),от 55000 ₽ на руки,Без опыта,ОООИнсит,Копейск
JavaScript разработчик (стажер),Не указана,Без опыта,Aston,Москва
"Начинающий программист Delphi, MS SQL",85000 – 130000 ₽ на руки,Без опыта,ОООКарвиль,Санкт-Петербург
Разработчик С#,176400 – 235200 ₽ на руки,Опыт 3-6 лет,ОООЦентр внедрения документооборота,Москва
Программист 1С, до 230000 ₽ на руки,Опыт 1-3 года,АОПСКОВВТОРМЕТ,Псков
Программист 1С,300000 – 1500000 ₸ на руки,Опыт 1-3 года,ТООASTER AUTO,Алматы
Программист 1С,от 380000 ₽ до  вычета налогов,Опыт 1-3 года,ОООАванкор,Москва
Программист 1С,Не указана,Опыт 3-6 лет,ОМС,Москва
Программист С++/Qt (junior),от 70000 ₽ на руки,Без опыта,ОООАргун-Софт,Санкт-Петербург
Программист-стажер 1C,от 50000 ₽ на руки,Без опыта,IT-компания Рациональные Решения,Нижний Новгород
Программист,от 250000 ₽ на руки,Без опыта,ОООЧОП Центавр,Москва
Младший программист 1С,77000 – 77000 ₽ до  вычета налогов,Без опыта,ОООМОУШН ПРОДАКТС,Санкт-Петербург
Junior Software Developer (C/C++/C#),от 130000 ₽ на руки,Без опыта,ОООВСВН Лаб,Санкт-Петербург
Программист-разработчик (Junior),от 30000 ₽ на руки,Без опыта,Группа компаний «БПО»,Москва
Младший разработчик,Не указана,Опыт 1-3 года,Doczilla,Москва
Стажер-программист SQL/Delphi,Не указана,Без опыта,СПИК СЗМА,Санкт-Петербург
Программист,от 240000 ₽ на руки,Опыт 3-6 лет,ZEKKERT,Санкт-Петербург
Программист,от 65000 ₽ на руки,Без опыта,ОООПродмастер,Санкт-Петербург
Программист С# Junior,100000 – 120000 ₽ на руки,Без опыта,Гармония Здоровья,Красноярск
Фронтед-разработчик (программист),от 55000 ₽ на руки,Без опыта,ОООИнсит,Копейск
JavaScript разработчик (стажер),Не указана,Без опыта,Aston,Москва
"Начинающий программист Delphi, MS SQL",85000 – 130000 ₽ на руки,Без опыта,ОООКарвиль,Санкт-Петербург
Junior Программист 1С (Стажер/ Удаленная работа),40000 – 60000 ₽ на руки,Без опыта,ОООРусские решения,Санкт-Петербург
Программист С++ (Middle),от 280000 ₽ до  вычета налогов,Опыт 1-3 года,ОООИНИТИ,Москва
Программист 1С, до 230000 ₽ на руки,Опыт 1-3 года,АОПСКОВВТОРМЕТ,Псков
Разработчик С#,176400 – 235200 ₽ на руки,Опыт 3-6 лет,ОООЦентр внедрения документооборота,Москва
Программист 1С,300000 – 1500000 ₸ на руки,Опыт 1-3 года,ТООASTER AUTO,Алматы
Программист 1С,от 380000 ₽ до  вычета налогов,Опыт 1-3 года,ОООАванкор,Москва
Программист 1С,Не указана,Опыт 3-6 лет,ОМС,Москва
Программист С++/Qt (junior),от 70000 ₽ на руки,Без опыта,ОООАргун-Софт,Санкт-Петербург
Программист-стажер 1C,от 50000 ₽ на руки,Без опыта,IT-компания Рациональные Решения,Нижний Новгород
Программист,от 250000 ₽ на руки,Без опыта,ОООЧОП Центавр,Москва
Младший программист 1С,77000 – 77000 ₽ до  вычета налогов,Без опыта,ОООМОУШН ПРОДАКТС,Санкт-Петербург
Junior Software Developer (C/C++/C#),от 130000 ₽ на руки,Без опыта,ОООВСВН Лаб,Санкт-Петербург
Программист-разработчик (Junior),от 30000 ₽ на руки,Без опыта,Группа компаний «БПО»,Москва
Младший разработчик,Не указана,Опыт 1-3 года,Doczilla,Москва
Стажер-программист SQL/Delphi,Не указана,Без опыта,СПИК СЗМА,Санкт-Петербург
Программист,от 240000 ₽ на руки,Опыт 3-6 лет,ZEKKERT,Санкт-Петербург
Программист,от 65000 ₽ на руки,Без опыта,ОООПродмастер,Санкт-Петербург
Программист С# Junior,100000 – 120000 ₽ на руки,Без опыта,Гармония Здоровья,Красноярск
Фронтед-разработчик (программист),от 55000 ₽ на руки,Без опыта,ОООИнсит,Копейск
JavaScript разработчик (стажер),Не указана,Без опыта,Aston,Москва
"Начинающий программист Delphi, MS SQL",85000 – 130000 ₽ на руки,Без опыта,ОООКарвиль,Санкт-Петербург
Разработчик С#,176400 – 235200 ₽ на руки,Опыт 3-6 лет,ОООЦентр внедрения документооборота,Москва
Программист 1С, до 230000 ₽ на руки,Опыт 1-3 года,АОПСКОВВТОРМЕТ,Псков
Программист 1С,300000 – 1500000 ₸ на руки,Опыт 1-3 года,ТООASTER AUTO,Алматы
Программист 1С,от 380000 ₽ до  вычета налогов,Опыт 1-3 года,ОООАванкор,Москва
Преподаватель IT (подработка), до 90000 ₽ до  вычета налогов,Без опыта,АНО ДО Московская школа программистов,Санкт-Петербург
Ведущий программист 1С,от 339000 ₽ до  вычета налогов,Опыт 3-6 лет,Теремок,Москва
Программист 1С,от 80000сом на руки,Опыт 3-6 лет,ОсОО РУСТЭЛЬ,Бишкек
Программист С++/Qt (junior),от 70000 ₽ на руки,Без опыта,ОООАргун-Софт,Санкт-Петербург
Программист-стажер 1C,от 50000 ₽ на руки,Без опыта,IT-компания Рациональные Решения,Нижний Новгород
Программист,от 250000 ₽ на руки,Без опыта,ОООЧОП Центавр,Москва
Младший программист 1С,77000 – 77000 ₽ до  вычета налогов,Без опыта,ОООМОУШН ПРОДАКТС,Санкт-Петербург
Junior Software Developer (C/C++/C#),от 130000 ₽ на руки,Без опыта,ОООВСВН Лаб,Санкт-Петербург
Программист-разработчик (Junior),от 30000 ₽ на руки,Без опыта,Группа компаний «БПО»,Москва
Младший разработчик,Не указана,Опыт 1-3 года,Doczilla,Москва
Стажер-программист SQL/Delphi,Не указана,Без опыта,СПИК СЗМА,Санкт-Петербург
Программист,от 240000 ₽ на руки,Опыт 3-6 лет,ZEKKERT,Санкт-Петербург
Программист,от 65000 ₽ на руки,Без опыта,ОООПродмастер,Санкт-Петербург
Программист С# Junior,100000 – 120000 ₽ на руки,Без опыта,Гармония Здоровья,Красноярск
Фронтед-разработчик (программист),от 55000 ₽ на руки,Без опыта,ОООИнсит,Копейск
JavaScript разработчик (стажер),Не указана,Без опыта,Aston,Москва
Ведущий программист 1с,Не указана,Опыт 3-6 лет,АОРамакс Интернейшнл,Москва
Программист 1С, до 230000 ₽ на руки,Опыт 1-3 года,АОПСКОВВТОРМЕТ,Псков
Разработчик С#,176400 – 235200 ₽ на руки,Опыт 3-6 лет,ОООЦентр внедрения документооборота,Москва
Программист 1С,300000 – 1500000 ₸ на руки,Опыт 1-3 года,ТООASTER AUTO,Алматы
Программист 1С,от 380000 ₽ до  вычета налогов,Опыт 1-3 года,ОООАванкор,Москва
Программист 1С,Не указана,Опыт 3-6 лет,ОМС,Москва
Программист С++/Qt (junior),от 70000 ₽ на руки,Без опыта,ОООАргун-Софт,Санкт-Петербург
Программист-стажер 1C,от 50000 ₽ на руки,Без опыта,IT-компания Рациональные Решения,Нижний Новгород
Программист,от 250000 ₽ на руки,Без опыта,ОООЧОП Центавр,Москва
Младший программист 1С,77000 – 77000 ₽ до  вычета налогов,Без опыта,ОООМОУШН ПРОДАКТС,Санкт-Петербург
Junior Software Developer (C/C++/C#),от 130000 ₽ на руки,Без опыта,ОООВСВН Лаб,Санкт-Петербург
Программист-разработчик (Junior),от 30000 ₽ на руки,Без опыта,Группа компаний «БПО»,Москва
Младший разработчик,Не указана,Опыт 1-3 года,Doczilla,Москва
Стажер-программист SQL/Delphi,Не указана,Без опыта,СПИК СЗМА,Санкт-Петербург
Программист,от 240000 ₽ на руки,Опыт 3-6 лет,ZEKKERT,Санкт-Петербург
JavaScript разработчик (стажер),Не указана,Без опыта,Aston,Москва
Программист,от 65000 ₽ на руки,Без опыта,ОООПродмастер,Санкт-Петербург
Программист С# Junior,100000 – 120000 ₽ на руки,Без опыта,Гармония Здоровья,Красноярск
Фронтед-разработчик (программист),от 55000 ₽ на руки,Без опыта,ОООИнсит,Копейск
"Начинающий программист Delphi, MS SQL",85000 – 130000 ₽ на руки,Без опыта,ОООКарвиль,Санкт-Петербург
Программист 1С, до 230000 ₽ на руки,Опыт 1-3 года,АОПСКОВВТОРМЕТ,Псков
Middle Fullstack разработчик,150000 – 250000 ₽ на руки,Опыт 3-6 лет,ОООМайхит,Казань
Разработчик С#,176400 – 235200 ₽ на руки,Опыт 3-6 лет,ОООЦентр внедрения документооборота,Москва
Программист 1С,300000 – 1500000 ₸ на руки,Опыт 1-3 года,ТООASTER AUTO,Алматы
Программист 1С,от 380000 ₽ до  вычета налогов,Опыт 1-3 года,ОООАванкор,Москва
Преподаватель IT (подработка), до 90000 ₽ до  вычета налогов,Без опыта,АНО ДО Московская школа программистов,Санкт-Петербург
Ведущий программист 1С,от 339000 ₽ до  вычета налогов,Опыт 3-6 лет,Теремок,Москва
Программист 1С,от 80000сом на руки,Опыт 3-6 лет,ОсОО РУСТЭЛЬ,Бишкек
Программист С++/Qt (junior),от 70000 ₽ на руки,Без опыта,ОООАргун-Софт,Санкт-Петербург
Программист-стажер 1C,от 50000 ₽ на руки,Без опыта,IT-компания Рациональные Решения,Нижний Новгород
Программист,от 250000 ₽ на руки,Без опыта,ОООЧОП Центавр,Москва
Младший программист 1С,77000 – 77000 ₽ до  вычета налогов,Без опыта,ОООМОУШН ПРОДАКТС,Санкт-Петербург
Junior Software Developer (C/C++/C#),от 130000 ₽ на руки,Без опыта,ОООВСВН Лаб,Санкт-Петербург
Программист-разработчик (Junior),от 30000 ₽ на руки,Без опыта,Группа компаний «БПО»,Москва
Младший разработчик,Не указана,Опыт 1-3 года,Doczilla,Москва
Стажер-программист SQL/Delphi,Не указана,Без опыта,СПИК СЗМА,Санкт-Петербург
Программист,от 240000 ₽ на руки,Опыт 3-6 лет,ZEKKERT,Санкт-Петербург
JavaScript разработчик (стажер),Не указана,Без опыта,Aston,Москва
Программист,от 65000 ₽ на руки,Без опыта,ОООПродмастер,Санкт-Петербург
Программист С# Junior,100000 – 120000 ₽ на руки,Без опыта,Гармония Здоровья,Красноярск
Разработчик С#,176400 – 235200 ₽ на руки,Опыт 3-6 лет,ОООЦентр внедрения документооборота,Москва
Программист 1С, до 230000 ₽ на руки,Опыт 1-3 года,АОПСКОВВТОРМЕТ,Псков
Программист 1С,300000 – 1500000 ₸ на руки,Опыт 1-3 года,ТООASTER AUTO,Алматы
Программист 1С,от 380000 ₽ до  вычета налогов,Опыт 1-3 года,ОООАванкор,Москва
Программист 1С,Не указана,Опыт 3-6 лет,ОМС,Москва
Программист С++/Qt (junior),от 70000 ₽ на руки,Без опыта,ОООАргун-Софт,Санкт-Петербург
Программист-стажер 1C,от 50000 ₽ на руки,Без опыта,IT-компания Рациональные Решения,Нижний Новгород
Программист,от 250000 ₽ на руки,Без опыта,ОООЧОП Центавр,Москва
Младший программист 1С,77000 – 77000 ₽ до  вычета налогов,Без опыта,ОООМОУШН ПРОДАКТС,Санкт-Петербург
Junior Software Developer (C/C++/C#),от 130000 ₽ на руки,Без опыта,ОООВСВН Лаб,Санкт-Петербург
Программист-разработчик (Junior),от 30000 ₽ на руки,Без опыта,Группа компаний «БПО»,Москва
Младший разработчик,Не указана,Опыт 1-3 года,Doczilla,Москва
Стажер-программист SQL/Delphi,Не указана,Без опыта,СПИК СЗМА,Санкт-Петербург
Программист,от 240000 ₽ на руки,Опыт 3-6 лет,ZEKKERT,Санкт-Петербург
JavaScript разработчик (стажер),Не указана,Без опыта,Aston,Москва
Программист,от 65000 ₽ на руки,Без опыта,ОООПродмастер,Санкт-Петербург
Программист С# Junior,100000 – 120000 ₽ на руки,Без опыта,Гармония Здоровья,Красноярск
Фронтед-разработчик (программист),от 55000 ₽ на руки,Без опыта,ОООИнсит,Копейск
"Начинающий программист Delphi, MS SQL",85000 – 130000 ₽ на руки,Без опыта,ОООКарвиль,Санкт-Петербург
Junior Программист 1С (Стажер/ Удаленная работа),40000 – 60000 ₽ на руки,Без опыта,ОООРусские решения,Санкт-Петербург
Разработчик С#,176400 – 235200 ₽ на руки,Опыт 3-6 лет,ОООЦентр внедрения документооборота,Москва
Программист 1С, до 230000 ₽ на руки,Опыт 1-3 года,АОПСКОВВТОРМЕТ,Псков
Программист 1С,300000 – 1500000 ₸ на руки,Опыт 1-3 года,ТООASTER AUTO,Алматы
Программист 1С,от 380000 ₽ до  вычета налогов,Опыт 1-3 года,ОООАванкор,Москва
Программист 1С,Не указана,Опыт 3-6 лет,ОМС,Москва
Программист С++/Qt (junior),от 70000 ₽ на руки,Без опыта,ОООАргун-Софт,Санкт-Петербург
Программист-стажер 1C,от 50000 ₽ на руки,Без опыта,IT-компания Рациональные Решения,Нижний Новгород
Программист,от 250000 ₽ на руки,Без опыта,ОООЧОП Центавр,Москва
Младший программист 1С,77000 – 77000 ₽ до  вычета налогов,Без опыта,ОООМОУШН ПРОДАКТС,Санкт-Петербург
Junior Software Developer (C/C++/C#),от 130000 ₽ на руки,Без опыта,ОООВСВН Лаб,Санкт-Петербург
Программист-разработчик (Junior),от 30000 ₽ на руки,Без опыта,Группа компаний «БПО»,Москва
Младший разработчик,Не указана,Опыт 1-3 года,Doczilla,Москва
Стажер-программист SQL/Delphi,Не указана,Без опыта,СПИК СЗМА,Санкт-Петербург
Программист,от 240000 ₽ на руки,Опыт 3-6 лет,ZEKKERT,Санкт-Петербург
JavaScript разработчик (стажер),Не указана,Без опыта,Aston,Москва
Программист,от 65000 ₽ на руки,Без опыта,ОООПродмастер,Санкт-Петербург
Программист С# Junior,100000 – 120000 ₽ на руки,Без опыта,Гармония Здоровья,Красноярск
Фронтед-разработчик (программист),от 55000 ₽ на руки,Без опыта,ОООИнсит,Копейск
"Начинающий программист Delphi, MS SQL",85000 – 130000 ₽ на руки,Без опыта,ОООКарвиль,Санкт-Петербург
Junior Программист 1С (Стажер/ Удаленная работа),40000 – 60000 ₽ на руки,Без опыта,ОООРусские решения,Санкт-Петербург
Программист 1С, до 230000 ₽ на руки,Опыт 1-3 года,АОПСКОВВТОРМЕТ,Псков
Middle Fullstack разработчик,150000 – 250000 ₽ на руки,Опыт 3-6 лет,ОООМайхит,Казань
Разработчик С#,176400 – 235200 ₽ на руки,Опыт 3-6 лет,ОООЦентр внедрения документооборота,Москва
Программист 1С,300000 – 1500000 ₸ на руки,Опыт 1-3 года,ТООASTER AUTO,Алматы
Программист 1С,от 380000 ₽ до  вычета налогов,Опыт 1-3 года,ОООАванкор,Москва
Преподаватель IT (подработка), до 90000 ₽ до  вычета налогов,Без опыта,АНО ДО Московская школа программистов,Санкт-Петербург
Программист 1С,от 130000 ₽ до  вычета налогов,Опыт 1-3 года,ОООАйти-Гуру,Екатеринбург
Программист С++/Qt (junior),от 70000 ₽ на руки,Без опыта,ОООАргун-Софт,Санкт-Петербург
Программист-стажер 1C,от 50000 ₽ на руки,Без опыта,IT-компания Рациональные Решения,Нижний Новгород
Программист,от 250000 ₽ на руки,Без опыта,ОООЧОП Центавр,Москва
Младший программист 1С,77000 – 77000 ₽ до  вычета налогов,Без опыта,ОООМОУШН ПРОДАКТС,Санкт-Петербург
Junior Software Developer (C/C++/C#),от 130000 ₽ на руки,Без опыта,ОООВСВН Лаб,Санкт-Петербург
Программист-разработчик (Junior),от 30000 ₽ на руки,Без опыта,Группа компаний «БПО»,Москва
Младший разработчик,Не указана,Опыт 1-3 года,Doczilla,Москва
Стажер-программист SQL/Delphi,Не указана,Без опыта,СПИК СЗМА,Санкт-Петербург
Программист,от 240000 ₽ на руки,Опыт 3-6 лет,ZEKKERT,Санкт-Петербург
JavaScript разработчик (стажер),Не указана,Без опыта,Aston,Москва
Программист,от 65000 ₽ на руки,Без опыта,ОООПродмастер,Санкт-Петербург
Программист С# Junior,100000 – 120000 ₽ на руки,Без опыта,Гармония Здоровья,Красноярск
Фронтед-разработчик (программист),от 55000 ₽ на руки,Без опыта,ОООИнсит,Копейск
Разработчик С#,176400 – 235200 ₽ на руки,Опыт 3-6 лет,ОООЦентр внедрения документооборота,Москва
Программист 1С, до 230000 ₽ на руки,Опыт 1-3 года,АОПСКОВВТОРМЕТ,Псков
Программист 1С,300000 – 1500000 ₸ на руки,Опыт 1-3 года,ТООASTER AUTO,Алматы
Программист 1С,от 380000 ₽ до  вычета налогов,Опыт 1-3 года,ОООАванкор,Москва
Преподаватель IT (подработка), до 90000 ₽ до  вычета налогов,Без опыта,АНО ДО Московская школа программистов,Санкт-Петербург
Ведущий программист 1С,от 339000 ₽ до  вычета налогов,Опыт 3-6 лет,Теремок,Москва
Программист 1С,от 80000сом на руки,Опыт 3-6 лет,ОсОО РУСТЭЛЬ,Бишкек
Программист С++/Qt (junior),от 70000 ₽ на руки,Без опыта,ОООАргун-Софт,Санкт-Петербург
Программист-стажер 1C,от 50000 ₽ на руки,Без опыта,IT-компания Рациональные Решения,Нижний Новгород
Программист,от 250000 ₽ на руки,Без опыта,ОООЧОП Центавр,Москва
Младший программист 1С,77000 – 77000 ₽ до  вычета налогов,Без опыта,ОООМОУШН ПРОДАКТС,Санкт-Петербург
Junior Software Developer (C/C++/C#),от 130000 ₽ на руки,Без опыта,ОООВСВН Лаб,Санкт-Петербург
Программист-разработчик (Junior),от 30000 ₽ на руки,Без опыта,Группа компаний «БПО»,Москва
Младший разработчик,Не указана,Опыт 1-3 года,Doczilla,Москва
Стажер-программист SQL/Delphi,Не указана,Без опыта,СПИК СЗМА,Санкт-Петербург
Программист,от 240000 ₽ на руки,Опыт 3-6 лет,ZEKKERT,Санкт-Петербург
JavaScript разработчик (стажер),Не указана,Без опыта,Aston,Москва
Программист,от 65000 ₽ на руки,Без опыта,ОООПродмастер,Санкт-Петербург
Программист С# Junior,100000 – 120000 ₽ на руки,Без опыта,Гармония Здоровья,Красноярск
Фронтед-разработчик (программист),от 55000 ₽ на руки,Без опыта,ОООИнсит,Копейск
Программист 1С, до 230000 ₽ на руки,Опыт 1-3 года,АОПСКОВВТОРМЕТ,Псков
Middle Fullstack разработчик,150000 – 250000 ₽ на руки,Опыт 3-6 лет,ОООМайхит,Казань
Разработчик С#,176400 – 235200 ₽ на руки,Опыт 3-6 лет,ОООЦентр внедрения документооборота,Москва
Программист 1С,300000 – 1500000 ₸ на руки,Опыт 1-3 года,ТООASTER AUTO,Алматы
Программист 1С,от 380000 ₽ до  вычета налогов,Опыт 1-3 года,ОООАванкор,Москва
Программист 1С,Не указана,Опыт 3-6 лет,ОМС,Москва
Программист С++/Qt (junior),от 70000 ₽ на руки,Без опыта,ОООАргун-Софт,Санкт-Петербург
Программист-стажер 1C,от 50000 ₽ на руки,Без опыта,IT-компания Рациональные Решения,Нижний Новгород
Программист,от 250000 ₽ на руки,Без опыта,ОООЧОП Центавр,Москва
Младший программист 1С,77000 – 77000 ₽ до  вычета налогов,Без опыта,ОООМОУШН ПРОДАКТС,Санкт-Петербург
Junior Software Developer (C/C++/C#),от 130000 ₽ на руки,Без опыта,ОООВСВН Лаб,Санкт-Петербург
Программист-разработчик (Junior),от 30000 ₽ на руки,Без опыта,Группа компаний «БПО»,Москва
Младший разработчик,Не указана,Опыт 1-3 года,Doczilla,Москва
Стажер-программист SQL/Delphi,Не указана,Без опыта,СПИК СЗМА,Санкт-Петербург
Программист,от 240000 ₽ на руки,Опыт 3-6 лет,ZEKKERT,Санкт-Петербург
JavaScript разработчик (стажер),Не указана,Без опыта,Aston,Москва
Программист,от 65000 ₽ на руки,Без опыта,ОООПродмастер,Санкт-Петербург
Программист С# Junior,100000 – 120000 ₽ на руки,Без опыта,Гармония Здоровья,Красноярск
Фронтед-разработчик (программист),от 55000 ₽ на руки,Без опыта,ОООИнсит,Копейск
"Начинающий программист Delphi, MS SQL",85000 – 130000 ₽ на руки,Без опыта,ОООКарвиль,Санкт-Петербург
Программист 1С, до 230000 ₽ на руки,Опыт 1-3 года,АОПСКОВВТОРМЕТ,Псков
Middle Fullstack разработчик,150000 – 250000 ₽ на руки,Опыт 3-6 лет,ОООМайхит,Казань
Разработчик С#,176400 – 235200 ₽ на руки,Опыт 3-6 лет,ОООЦентр внедрения документооборота,Москва
Программист 1С,300000 – 1500000 ₸ на руки,Опыт 1-3 года,ТООASTER AUTO,Алматы
Программист 1С,от 380000 ₽ до  вычета налогов,Опыт 1-3 года,ОООАванкор,Москва
Преподаватель IT (подработка), до 90000 ₽ до  вычета налогов,Без опыта,АНО ДО Московская школа программистов,Санкт-Петербург
Ведущий программист 1С,от 339000 ₽ до  вычета налогов,Опыт 3-6 лет,Теремок,Москва
Программист 1С,от 80000сом на руки,Опыт 3-6 лет,ОсОО РУСТЭЛЬ,Бишкек
Программист С++/Qt (junior),от 70000 ₽ на руки,Без опыта,ОООАргун-Софт,Санкт-Петербург
Программист-стажер 1C,от 50000 ₽ на руки,Без опыта,IT-компания Рациональные Решения,Нижний Новгород
Программист,от 250000 ₽ на руки,Без опыта,ОООЧОП Центавр,Москва
Младший программист 1С,77000 – 77000 ₽ до  вычета налогов,Без опыта,ОООМОУШН ПРОДАКТС,Санкт-Петербург
Junior Software Developer (C/C++/C#),от 130000 ₽ на руки,Без опыта,ОООВСВН Лаб,Санкт-Петербург
Программист-разработчик (Junior),от 30000 ₽ на руки,Без опыта,Группа компаний «БПО»,Москва
Младший разработчик,Не указана,Опыт 1-3 года,Doczilla,Москва
Стажер-программист SQL/Delphi,Не указана,Без опыта,СПИК СЗМА,Санкт-Петербург
Программист,от 240000 ₽ на руки,Опыт 3-6 лет,ZEKKERT,Санкт-Петербург
JavaScript разработчик (стажер),Не указана,Без опыта,Aston,Москва
Программист,от 65000 ₽ на руки,Без опыта,ОООПродмастер,Санкт-Петербург
Программист С# Junior,100000 – 120000 ₽ на руки,Без опыта,Гармония Здоровья,Красноярск
Разработчик С#,176400 – 235200 ₽ на руки,Опыт 3-6 лет,ОООЦентр внедрения документооборота,Москва
Программист 1С, до 230000 ₽ на руки,Опыт 1-3 года,АОПСКОВВТОРМЕТ,Псков
Программист 1С,300000 – 1500000 ₸ на руки,Опыт 1-3 года,ТООASTER AUTO,Алматы
Программист 1С,от 380000 ₽ до  вычета налогов,Опыт 1-3 года,ОООАванкор,Москва
Преподаватель IT (подработка), до 90000 ₽ до  вычета налогов,Без опыта,АНО ДО Московская школа программистов,Санкт-Петербург
Ведущий программист 1С,от 339000 ₽ до  вычета налогов,Опыт 3-6 лет,Теремок,Москва
Программист 1С,от 80000сом на руки,Опыт 3-6 лет,ОсОО РУСТЭЛЬ,Бишкек
Программист С++/Qt (junior),от 70000 ₽ на руки,Без опыта,ОООАргун-Софт,Санкт-Петербург
Программист-стажер 1C,от 50000 ₽ на руки,Без опыта,IT-компания Рациональные Решения,Нижний Новгород
Программист,от 250000 ₽ на руки,Без опыта,ОООЧОП Центавр,Москва
Младший программист 1С,77000 – 77000 ₽ до  вычета налогов,Без опыта,ОООМОУШН ПРОДАКТС,Санкт-Петербург
Junior Software Developer (C/C++/C#),от 130000 ₽ на руки,Без опыта,ОООВСВН Лаб,Санкт-Петербург
Программист-разработчик (Junior),от 30000 ₽ на руки,Без опыта,Группа компаний «БПО»,Москва
Младший разработчик,Не указана,Опыт 1-3 года,Doczilla,Москва
Стажер-программист SQL/Delphi,Не указана,Без опыта,СПИК СЗМА,Санкт-Петербург
Программист,от 240000 ₽ на руки,Опыт 3-6 лет,ZEKKERT,Санкт-Петербург
JavaScript разработчик (стажер),Не указана,Без опыта,Aston,Москва
Программист,от 65000 ₽ на руки,Без опыта,ОООПродмастер,Санкт-Петербург
Программист С# Junior,100000 – 120000 ₽ на руки,Без опыта,Гармония Здоровья,Красноярск
Фронтед-разработчик (программист),от 55000 ₽ на руки,Без опыта,ОООИнсит,Копейск
Разработчик С#,176400 – 235200 ₽ на руки,Опыт 3-6 лет,ОООЦентр внедрения документооборота,Москва
Программист 1С, до 230000 ₽ на руки,Опыт 1-3 года,АОПСКОВВТОРМЕТ,Псков
Программист 1С,300000 – 1500000 ₸ на руки,Опыт 1-3 года,ТООASTER AUTO,Алматы
Программист 1С,от 380000 ₽ до  вычета налогов,Опыт 1-3 года,ОООАванкор,Москва
Преподаватель IT (подработка), до 90000 ₽ до  вычета налогов,Без опыта,АНО ДО Московская школа программистов,Санкт-Петербург
Ведущий программист 1С,от 339000 ₽ до  вычета налогов,Опыт 3-6 лет,Теремок,Москва
Программист 1С,от 80000сом на руки,Опыт 3-6 лет,ОсОО РУСТЭЛЬ,Бишкек
Программист С++/Qt (junior),от 70000 ₽ на руки,Без опыта,ОООАргун-Софт,Санкт-Петербург
Программист-стажер 1C,от 50000 ₽ на руки,Без опыта,IT-компания Рациональные Решения,Нижний Новгород
Программист,от 250000 ₽ на руки,Без опыта,ОООЧОП Центавр,Москва
Младший программист 1С,77000 – 77000 ₽ до  вычета налогов,Без опыта,ОООМОУШН ПРОДАКТС,Санкт-Петербург
Junior Software Developer (C/C++/C#),от 130000 ₽ на руки,Без опыта,ОООВСВН Лаб,Санкт-Петербург
Программист-разработчик (Junior),от 30000 ₽ на руки,Без опыта,Группа компаний «БПО»,Москва
Младший разработчик,Не указана,Опыт 1-3 года,Doczilla,Москва
Стажер-программист SQL/Delphi,Не указана,Без опыта,СПИК СЗМА,Санкт-Петербург
Программист,от 240000 ₽ на руки,Опыт 3-6 лет,ZEKKERT,Санкт-Петербург
JavaScript разработчик (стажер),Не указана,Без опыта,Aston,Москва
Программист,от 65000 ₽ на руки,Без опыта,ОООПродмастер,Санкт-Петербург
Программист С# Junior,100000 – 120000 ₽ на руки,Без опыта,Гармония Здоровья,Красноярск
Фронтед-разработчик (программист),от 55000 ₽ на руки,Без опыта,ОООИнсит,Копейск
